{"commitInfo":{"timestamp":1672704614571,"userId":"1755557801098240","userName":"marzi.rasooli@databricks.com","operation":"WRITE","operationParameters":{"mode":"Overwrite","partitionBy":"[]"},"notebook":{"notebookId":"553242699188367"},"clusterId":"1201-221813-3hoih97j","isolationLevel":"WriteSerializable","isBlindAppend":false,"operationMetrics":{"numFiles":"3","numOutputRows":"780060","numOutputBytes":"367356"},"engineInfo":"Databricks-Runtime/10.4.x-cpu-ml-scala2.12","txnId":"c4aa4aad-0f80-4135-8709-f2ce2dbd6d2d"}}
{"protocol":{"minReaderVersion":1,"minWriterVersion":2}}
{"metaData":{"id":"17fcca45-67db-4db4-a752-22ce863e50e7","format":{"provider":"parquet","options":{}},"schemaString":"{\"type\":\"struct\",\"fields\":[{\"name\":\"chassis_no\",\"type\":\"string\",\"nullable\":true,\"metadata\":{}},{\"name\":\"latitude\",\"type\":\"double\",\"nullable\":true,\"metadata\":{}},{\"name\":\"longitude\",\"type\":\"double\",\"nullable\":true,\"metadata\":{}},{\"name\":\"event_timestamp\",\"type\":\"string\",\"nullable\":true,\"metadata\":{}},{\"name\":\"speed\",\"type\":\"double\",\"nullable\":true,\"metadata\":{}}]}","partitionColumns":[],"configuration":{},"createdTime":1672704608425}}
{"add":{"path":"part-00000-6af602a1-8ced-4113-aa56-68858b7f198e-c000.snappy.parquet","partitionValues":{},"size":125842,"modificationTime":1672704612000,"dataChange":true,"stats":"{\"numRecords\":267420,\"minValues\":{\"chassis_no\":\" JTFHX02P2D0072579\",\"latitude\":40.798472,\"longitude\":-73.939634,\"event_timestamp\":\"2015-12-04 10:50:00\",\"speed\":0.49206605553627014},\"maxValues\":{\"chassis_no\":\"ZPBEA1ZL9KLA01745\",\"latitude\":40.837497,\"longitude\":-73.88758,\"event_timestamp\":\"2015-12-04 11:49:00\",\"speed\":57.183963775634766},\"nullCount\":{\"chassis_no\":0,\"latitude\":0,\"longitude\":0,\"event_timestamp\":0,\"speed\":0}}","tags":{"INSERTION_TIME":"1672704612000000","OPTIMIZE_TARGET_SIZE":"268435456"}}}
{"add":{"path":"part-00001-81b74a12-0dbd-4a95-b080-ab4385eb3885-c000.snappy.parquet","partitionValues":{},"size":129075,"modificationTime":1672704612000,"dataChange":true,"stats":"{\"numRecords\":274500,\"minValues\":{\"chassis_no\":\" 5LMJJ3JT8JEL14892\",\"latitude\":40.788878,\"longitude\":-73.982576,\"event_timestamp\":\"2015-03-05 16:40:00\",\"speed\":0.4228428483009338},\"maxValues\":{\"chassis_no\":\"ZPBEA1ZL4KLA04083\",\"latitude\":40.831246,\"longitude\":-73.95098,\"event_timestamp\":\"2015-03-05 17:39:00\",\"speed\":71.71656646728515},\"nullCount\":{\"chassis_no\":0,\"latitude\":0,\"longitude\":0,\"event_timestamp\":0,\"speed\":0}}","tags":{"INSERTION_TIME":"1672704612000001","OPTIMIZE_TARGET_SIZE":"268435456"}}}
{"add":{"path":"part-00002-69f570db-b99d-456d-923a-f521f85e339f-c000.snappy.parquet","partitionValues":{},"size":112439,"modificationTime":1672704612000,"dataChange":true,"stats":"{\"numRecords\":238140,\"minValues\":{\"chassis_no\":\" JTDKW9D36CD512617\",\"latitude\":40.64652,\"longitude\":-73.943437,\"event_timestamp\":\"2015-05-14 11:53:00\",\"speed\":0.11304241418838501},\"maxValues\":{\"chassis_no\":\"ZPBEA1ZL2KLA02283\",\"latitude\":40.810908,\"longitude\":-73.78074,\"event_timestamp\":\"2015-05-14 12:52:00\",\"speed\":59.872947692871094},\"nullCount\":{\"chassis_no\":0,\"latitude\":0,\"longitude\":0,\"event_timestamp\":0,\"speed\":0}}","tags":{"INSERTION_TIME":"1672704612000002","OPTIMIZE_TARGET_SIZE":"268435456"}}}
