{"commitInfo":{"timestamp":1672842571636,"userId":"1755557801098240","userName":"marzi.rasooli@databricks.com","operation":"WRITE","operationParameters":{"mode":"Overwrite","partitionBy":"[]"},"notebook":{"notebookId":"553242699188367"},"clusterId":"1201-221813-3hoih97j","readVersion":1,"isolationLevel":"WriteSerializable","isBlindAppend":false,"operationMetrics":{"numFiles":"17","numOutputRows":"780060","numOutputBytes":"1238707"},"engineInfo":"Databricks-Runtime/10.4.x-cpu-ml-scala2.12","txnId":"69fbfa26-2027-40e5-bd6c-fc16840a8771"}}
{"add":{"path":"part-00000-dcdffff2-de02-45d3-90ec-79b6ab9b5f2c-c000.snappy.parquet","partitionValues":{},"size":130057,"modificationTime":1672842571000,"dataChange":true,"stats":"{\"numRecords\":277020,\"minValues\":{\"chassis_no\":\"19XFB2627DE902621\",\"latitude\":40.798472,\"longitude\":-73.939634,\"event_timestamp\":\"2015-12-04 10:50:00\",\"speed\":0.49206605553627014},\"maxValues\":{\"chassis_no\":\"ZPBEA1ZL4KLA04083\",\"latitude\":40.837497,\"longitude\":-73.88758,\"event_timestamp\":\"2015-12-04 11:49:00\",\"speed\":57.183963775634766},\"nullCount\":{\"chassis_no\":0,\"latitude\":0,\"longitude\":0,\"event_timestamp\":0,\"speed\":0}}","tags":{"INSERTION_TIME":"1672842570000000","OPTIMIZE_TARGET_SIZE":"268435456"}}}
{"add":{"path":"part-00001-aa3a362c-85ba-41d6-8dc3-adcd5a6b3041-c000.snappy.parquet","partitionValues":{},"size":128245,"modificationTime":1672842571000,"dataChange":true,"stats":"{\"numRecords\":272520,\"minValues\":{\"chassis_no\":\" 5LMJJ3JT8JEL14892\",\"latitude\":40.788878,\"longitude\":-73.982576,\"event_timestamp\":\"2015-03-05 16:40:00\",\"speed\":0.4228428483009338},\"maxValues\":{\"chassis_no\":\"ZPBEA1ZL9KLA01745\",\"latitude\":40.831246,\"longitude\":-73.95098,\"event_timestamp\":\"2015-03-05 17:39:00\",\"speed\":71.71656646728515},\"nullCount\":{\"chassis_no\":0,\"latitude\":0,\"longitude\":0,\"event_timestamp\":0,\"speed\":0}}","tags":{"INSERTION_TIME":"1672842570000001","OPTIMIZE_TARGET_SIZE":"268435456"}}}
{"add":{"path":"part-00002-34932818-e228-4295-94e3-f86301228676-c000.snappy.parquet","partitionValues":{},"size":65349,"modificationTime":1672842570000,"dataChange":true,"stats":"{\"numRecords\":15368,\"minValues\":{\"chassis_no\":\" JTDKW9D36CD512617\",\"latitude\":40.64652,\"longitude\":-73.943437,\"event_timestamp\":\"2015-05-14 12:49:00\",\"speed\":39.79834747314453},\"maxValues\":{\"chassis_no\":\"ZN6XU61F2HX234828\",\"latitude\":40.810908,\"longitude\":-73.78074,\"event_timestamp\":\"2015-05-14 12:52:00\",\"speed\":47.140464782714844},\"nullCount\":{\"chassis_no\":0,\"latitude\":0,\"longitude\":0,\"event_timestamp\":0,\"speed\":0}}","tags":{"INSERTION_TIME":"1672842570000002","OPTIMIZE_TARGET_SIZE":"268435456"}}}
{"add":{"path":"part-00003-c4390309-d176-4b00-854f-4cf81524ce46-c000.snappy.parquet","partitionValues":{},"size":65349,"modificationTime":1672842570000,"dataChange":true,"stats":"{\"numRecords\":15368,\"minValues\":{\"chassis_no\":\" JTDKW9D36CD512617\",\"latitude\":40.646709,\"longitude\":-73.889896,\"event_timestamp\":\"2015-05-14 12:45:00\",\"speed\":0.11304241418838501},\"maxValues\":{\"chassis_no\":\"ZN6XU61F2HX234828\",\"latitude\":40.768692,\"longitude\":-73.781024,\"event_timestamp\":\"2015-05-14 12:48:00\",\"speed\":24.8067684173584},\"nullCount\":{\"chassis_no\":0,\"latitude\":0,\"longitude\":0,\"event_timestamp\":0,\"speed\":0}}","tags":{"INSERTION_TIME":"1672842570000003","OPTIMIZE_TARGET_SIZE":"268435456"}}}
{"add":{"path":"part-00004-0bb419b4-eab3-4c35-9dbd-26c0b48e910a-c000.snappy.parquet","partitionValues":{},"size":65348,"modificationTime":1672842570000,"dataChange":true,"stats":"{\"numRecords\":15368,\"minValues\":{\"chassis_no\":\" JTDKW9D36CD512617\",\"latitude\":40.766615,\"longitude\":-73.888208,\"event_timestamp\":\"2015-05-14 12:41:00\",\"speed\":2.2753472328186035},\"maxValues\":{\"chassis_no\":\"ZN6XU61F2HX234828\",\"latitude\":40.76713,\"longitude\":-73.886176,\"event_timestamp\":\"2015-05-14 12:44:00\",\"speed\":39.072410583496094},\"nullCount\":{\"chassis_no\":0,\"latitude\":0,\"longitude\":0,\"event_timestamp\":0,\"speed\":0}}","tags":{"INSERTION_TIME":"1672842570000004","OPTIMIZE_TARGET_SIZE":"268435456"}}}
{"add":{"path":"part-00005-ec9969ed-46c3-4c3a-8c40-35d0d7fb53b4-c000.snappy.parquet","partitionValues":{},"size":66007,"modificationTime":1672842570000,"dataChange":true,"stats":"{\"numRecords\":19210,\"minValues\":{\"chassis_no\":\" JTDKW9D36CD512617\",\"latitude\":40.767376,\"longitude\":-73.885375,\"event_timestamp\":\"2015-05-14 12:36:00\",\"speed\":2.057342290878296},\"maxValues\":{\"chassis_no\":\"ZN6XU61F2HX234828\",\"latitude\":40.768403,\"longitude\":-73.882741,\"event_timestamp\":\"2015-05-14 12:40:00\",\"speed\":34.47259521484375},\"nullCount\":{\"chassis_no\":0,\"latitude\":0,\"longitude\":0,\"event_timestamp\":0,\"speed\":0}}","tags":{"INSERTION_TIME":"1672842570000005","OPTIMIZE_TARGET_SIZE":"268435456"}}}
{"add":{"path":"part-00006-c0b32300-7834-4b01-9a78-676762c15015-c000.snappy.parquet","partitionValues":{},"size":65349,"modificationTime":1672842570000,"dataChange":true,"stats":"{\"numRecords\":15368,\"minValues\":{\"chassis_no\":\" JTDKW9D36CD512617\",\"latitude\":40.768902,\"longitude\":-73.917396,\"event_timestamp\":\"2015-05-14 12:32:00\",\"speed\":46.14371871948242},\"maxValues\":{\"chassis_no\":\"ZN6XU61F2HX234828\",\"latitude\":40.770738,\"longitude\":-73.878382,\"event_timestamp\":\"2015-05-14 12:35:00\",\"speed\":55.649009704589844},\"nullCount\":{\"chassis_no\":0,\"latitude\":0,\"longitude\":0,\"event_timestamp\":0,\"speed\":0}}","tags":{"INSERTION_TIME":"1672842570000006","OPTIMIZE_TARGET_SIZE":"268435456"}}}
{"add":{"path":"part-00007-6e0e932b-186a-4351-a52f-9415e2ff0ae3-c000.snappy.parquet","partitionValues":{},"size":65350,"modificationTime":1672842570000,"dataChange":true,"stats":"{\"numRecords\":15368,\"minValues\":{\"chassis_no\":\" JTDKW9D36CD512617\",\"latitude\":40.770928,\"longitude\":-73.877905,\"event_timestamp\":\"2015-05-14 12:28:00\",\"speed\":4.289204120635986},\"maxValues\":{\"chassis_no\":\"ZN6XU61F2HX234828\",\"latitude\":40.771368,\"longitude\":-73.876377,\"event_timestamp\":\"2015-05-14 12:31:00\",\"speed\":50.05306625366211},\"nullCount\":{\"chassis_no\":0,\"latitude\":0,\"longitude\":0,\"event_timestamp\":0,\"speed\":0}}","tags":{"INSERTION_TIME":"1672842570000007","OPTIMIZE_TARGET_SIZE":"268435456"}}}
{"add":{"path":"part-00008-990fe088-86ac-4a93-ae65-14b907d9bbd4-c000.snappy.parquet","partitionValues":{},"size":65347,"modificationTime":1672842570000,"dataChange":true,"stats":"{\"numRecords\":15368,\"minValues\":{\"chassis_no\":\" JTDKW9D36CD512617\",\"latitude\":40.7715,\"longitude\":-73.875869,\"event_timestamp\":\"2015-05-14 12:24:00\",\"speed\":13.296550750732422},\"maxValues\":{\"chassis_no\":\"ZN6XU61F2HX234828\",\"latitude\":40.771718,\"longitude\":-73.87423,\"event_timestamp\":\"2015-05-14 12:27:00\",\"speed\":22.629854202270508},\"nullCount\":{\"chassis_no\":0,\"latitude\":0,\"longitude\":0,\"event_timestamp\":0,\"speed\":0}}","tags":{"INSERTION_TIME":"1672842570000008","OPTIMIZE_TARGET_SIZE":"268435456"}}}
{"add":{"path":"part-00009-052e6b37-6205-4f20-9231-6dbc2a16adfe-c000.snappy.parquet","partitionValues":{},"size":65349,"modificationTime":1672842570000,"dataChange":true,"stats":"{\"numRecords\":15368,\"minValues\":{\"chassis_no\":\" JTDKW9D36CD512617\",\"latitude\":40.766153,\"longitude\":-73.892361,\"event_timestamp\":\"2015-05-14 12:20:00\",\"speed\":18.865005493164062},\"maxValues\":{\"chassis_no\":\"ZN6XU61F2HX234828\",\"latitude\":40.771726,\"longitude\":-73.873683,\"event_timestamp\":\"2015-05-14 12:23:00\",\"speed\":59.872947692871094},\"nullCount\":{\"chassis_no\":0,\"latitude\":0,\"longitude\":0,\"event_timestamp\":0,\"speed\":0}}","tags":{"INSERTION_TIME":"1672842570000009","OPTIMIZE_TARGET_SIZE":"268435456"}}}
{"add":{"path":"part-00010-b00be80d-3cef-4255-a6c5-4284092d6eab-c000.snappy.parquet","partitionValues":{},"size":65348,"modificationTime":1672842570000,"dataChange":true,"stats":"{\"numRecords\":15368,\"minValues\":{\"chassis_no\":\" JTDKW9D36CD512617\",\"latitude\":40.766211,\"longitude\":-73.917045,\"event_timestamp\":\"2015-05-14 12:16:00\",\"speed\":8.427546501159668},\"maxValues\":{\"chassis_no\":\"ZN6XU61F2HX234828\",\"latitude\":40.770226,\"longitude\":-73.893223,\"event_timestamp\":\"2015-05-14 12:19:00\",\"speed\":58.57038116455078},\"nullCount\":{\"chassis_no\":0,\"latitude\":0,\"longitude\":0,\"event_timestamp\":0,\"speed\":0}}","tags":{"INSERTION_TIME":"1672842570000010","OPTIMIZE_TARGET_SIZE":"268435456"}}}
{"add":{"path":"part-00011-5599041e-c260-4704-8bd7-2fc533b907bb-c000.snappy.parquet","partitionValues":{},"size":65349,"modificationTime":1672842570000,"dataChange":true,"stats":"{\"numRecords\":15368,\"minValues\":{\"chassis_no\":\" JTDKW9D36CD512617\",\"latitude\":40.769,\"longitude\":-73.916024,\"event_timestamp\":\"2015-05-14 12:12:00\",\"speed\":1.9112093448638916},\"maxValues\":{\"chassis_no\":\"ZN6XU61F2HX234828\",\"latitude\":40.769926,\"longitude\":-73.910669,\"event_timestamp\":\"2015-05-14 12:15:00\",\"speed\":57.8747444152832},\"nullCount\":{\"chassis_no\":0,\"latitude\":0,\"longitude\":0,\"event_timestamp\":0,\"speed\":0}}","tags":{"INSERTION_TIME":"1672842570000011","OPTIMIZE_TARGET_SIZE":"268435456"}}}
{"add":{"path":"part-00012-565e056f-303e-4c80-82c6-214e441e847b-c000.snappy.parquet","partitionValues":{},"size":65349,"modificationTime":1672842570000,"dataChange":true,"stats":"{\"numRecords\":15368,\"minValues\":{\"chassis_no\":\" JTDKW9D36CD512617\",\"latitude\":40.768714,\"longitude\":-73.909771,\"event_timestamp\":\"2015-05-14 12:08:00\",\"speed\":11.422989845275879},\"maxValues\":{\"chassis_no\":\"ZN6XU61F2HX234828\",\"latitude\":40.76886,\"longitude\":-73.907766,\"event_timestamp\":\"2015-05-14 12:11:00\",\"speed\":54.59663772583008},\"nullCount\":{\"chassis_no\":0,\"latitude\":0,\"longitude\":0,\"event_timestamp\":0,\"speed\":0}}","tags":{"INSERTION_TIME":"1672842570000012","OPTIMIZE_TARGET_SIZE":"268435456"}}}
{"add":{"path":"part-00013-b8d645be-240c-47f3-8a60-846c0cf750de-c000.snappy.parquet","partitionValues":{},"size":65348,"modificationTime":1672842570000,"dataChange":true,"stats":"{\"numRecords\":15368,\"minValues\":{\"chassis_no\":\" JTDKW9D36CD512617\",\"latitude\":40.768516,\"longitude\":-73.907627,\"event_timestamp\":\"2015-05-14 12:04:00\",\"speed\":5.69249963760376},\"maxValues\":{\"chassis_no\":\"ZN6XU61F2HX234828\",\"latitude\":40.768698,\"longitude\":-73.906655,\"event_timestamp\":\"2015-05-14 12:07:00\",\"speed\":52.669334411621094},\"nullCount\":{\"chassis_no\":0,\"latitude\":0,\"longitude\":0,\"event_timestamp\":0,\"speed\":0}}","tags":{"INSERTION_TIME":"1672842570000013","OPTIMIZE_TARGET_SIZE":"268435456"}}}
{"add":{"path":"part-00014-5ddc06fc-5855-48e9-a308-57d9c99e7015-c000.snappy.parquet","partitionValues":{},"size":65349,"modificationTime":1672842570000,"dataChange":true,"stats":"{\"numRecords\":15368,\"minValues\":{\"chassis_no\":\" JTDKW9D36CD512617\",\"latitude\":40.768018,\"longitude\":-73.905848,\"event_timestamp\":\"2015-05-14 12:00:00\",\"speed\":20.68016815185547},\"maxValues\":{\"chassis_no\":\"ZN6XU61F2HX234828\",\"latitude\":40.76831,\"longitude\":-73.904756,\"event_timestamp\":\"2015-05-14 12:03:00\",\"speed\":49.16127014160156},\"nullCount\":{\"chassis_no\":0,\"latitude\":0,\"longitude\":0,\"event_timestamp\":0,\"speed\":0}}","tags":{"INSERTION_TIME":"1672842570000014","OPTIMIZE_TARGET_SIZE":"268435456"}}}
{"add":{"path":"part-00015-54509ebd-5c87-4d0c-9279-d34df937223f-c000.snappy.parquet","partitionValues":{},"size":65348,"modificationTime":1672842570000,"dataChange":true,"stats":"{\"numRecords\":15368,\"minValues\":{\"chassis_no\":\" JTDKW9D36CD512617\",\"latitude\":40.766288,\"longitude\":-73.904203,\"event_timestamp\":\"2015-05-14 11:56:00\",\"speed\":24.570398330688477},\"maxValues\":{\"chassis_no\":\"ZN6XU61F2HX234828\",\"latitude\":40.767916,\"longitude\":-73.893797,\"event_timestamp\":\"2015-05-14 11:59:00\",\"speed\":48.76814270019531},\"nullCount\":{\"chassis_no\":0,\"latitude\":0,\"longitude\":0,\"event_timestamp\":0,\"speed\":0}}","tags":{"INSERTION_TIME":"1672842570000015","OPTIMIZE_TARGET_SIZE":"268435456"}}}
{"add":{"path":"part-00016-3404e7bc-842a-4df9-ae3d-56e8e90a0fdf-c000.snappy.parquet","partitionValues":{},"size":64866,"modificationTime":1672842571000,"dataChange":true,"stats":"{\"numRecords\":11526,\"minValues\":{\"chassis_no\":\" JTDKW9D36CD512617\",\"latitude\":40.771612,\"longitude\":-73.873172,\"event_timestamp\":\"2015-05-14 11:53:00\",\"speed\":3.8005216121673584},\"maxValues\":{\"chassis_no\":\"ZN6XU61F2HX234828\",\"latitude\":40.771716,\"longitude\":-73.872041,\"event_timestamp\":\"2015-05-14 11:55:00\",\"speed\":54.97447204589844},\"nullCount\":{\"chassis_no\":0,\"latitude\":0,\"longitude\":0,\"event_timestamp\":0,\"speed\":0}}","tags":{"INSERTION_TIME":"1672842570000016","OPTIMIZE_TARGET_SIZE":"268435456"}}}
{"remove":{"path":"part-00000-cbaae251-442b-47fd-b55a-23611fd85eef-c000.snappy.parquet","deletionTimestamp":1672842571621,"dataChange":true,"extendedFileMetadata":true,"partitionValues":{},"size":130057,"tags":{"INSERTION_TIME":"1672780640000000","OPTIMIZE_TARGET_SIZE":"268435456"}}}
{"remove":{"path":"part-00001-543ebabd-c5e9-4bd1-956a-8f20e0a78a58-c000.snappy.parquet","deletionTimestamp":1672842571622,"dataChange":true,"extendedFileMetadata":true,"partitionValues":{},"size":128245,"tags":{"INSERTION_TIME":"1672780640000001","OPTIMIZE_TARGET_SIZE":"268435456"}}}
{"remove":{"path":"part-00002-0f928c57-e476-4aad-b54d-dd1046cde97d-c000.snappy.parquet","deletionTimestamp":1672842571622,"dataChange":true,"extendedFileMetadata":true,"partitionValues":{},"size":65349,"tags":{"INSERTION_TIME":"1672780640000002","OPTIMIZE_TARGET_SIZE":"268435456"}}}
{"remove":{"path":"part-00003-2c135d96-1c8b-4c07-b6df-7ec40a17333c-c000.snappy.parquet","deletionTimestamp":1672842571622,"dataChange":true,"extendedFileMetadata":true,"partitionValues":{},"size":65349,"tags":{"INSERTION_TIME":"1672780640000003","OPTIMIZE_TARGET_SIZE":"268435456"}}}
{"remove":{"path":"part-00004-338840ff-d678-4a4e-ad66-37e997405332-c000.snappy.parquet","deletionTimestamp":1672842571622,"dataChange":true,"extendedFileMetadata":true,"partitionValues":{},"size":65348,"tags":{"INSERTION_TIME":"1672780640000004","OPTIMIZE_TARGET_SIZE":"268435456"}}}
{"remove":{"path":"part-00005-f788b775-040c-4095-9476-7d319c8e810e-c000.snappy.parquet","deletionTimestamp":1672842571622,"dataChange":true,"extendedFileMetadata":true,"partitionValues":{},"size":66007,"tags":{"INSERTION_TIME":"1672780640000005","OPTIMIZE_TARGET_SIZE":"268435456"}}}
{"remove":{"path":"part-00006-1a836d53-88dc-4630-8150-fd1622eff3d9-c000.snappy.parquet","deletionTimestamp":1672842571622,"dataChange":true,"extendedFileMetadata":true,"partitionValues":{},"size":65349,"tags":{"INSERTION_TIME":"1672780640000006","OPTIMIZE_TARGET_SIZE":"268435456"}}}
{"remove":{"path":"part-00007-44e45a2c-3e6a-46ff-b7a2-f331218a405f-c000.snappy.parquet","deletionTimestamp":1672842571622,"dataChange":true,"extendedFileMetadata":true,"partitionValues":{},"size":65350,"tags":{"INSERTION_TIME":"1672780640000007","OPTIMIZE_TARGET_SIZE":"268435456"}}}
{"remove":{"path":"part-00008-00ae274c-cecd-4825-a8ba-12827ff839e0-c000.snappy.parquet","deletionTimestamp":1672842571622,"dataChange":true,"extendedFileMetadata":true,"partitionValues":{},"size":65347,"tags":{"INSERTION_TIME":"1672780640000008","OPTIMIZE_TARGET_SIZE":"268435456"}}}
{"remove":{"path":"part-00009-48145000-a746-49e7-8f4a-4f63e80655af-c000.snappy.parquet","deletionTimestamp":1672842571622,"dataChange":true,"extendedFileMetadata":true,"partitionValues":{},"size":65349,"tags":{"INSERTION_TIME":"1672780640000009","OPTIMIZE_TARGET_SIZE":"268435456"}}}
{"remove":{"path":"part-00010-f517b8ef-26ed-43a3-9141-c2ef33b83603-c000.snappy.parquet","deletionTimestamp":1672842571622,"dataChange":true,"extendedFileMetadata":true,"partitionValues":{},"size":65348,"tags":{"INSERTION_TIME":"1672780640000010","OPTIMIZE_TARGET_SIZE":"268435456"}}}
{"remove":{"path":"part-00011-8aac4f5c-cdba-4dbe-bd8d-6ba5cde22248-c000.snappy.parquet","deletionTimestamp":1672842571622,"dataChange":true,"extendedFileMetadata":true,"partitionValues":{},"size":65349,"tags":{"INSERTION_TIME":"1672780640000011","OPTIMIZE_TARGET_SIZE":"268435456"}}}
{"remove":{"path":"part-00012-587feed9-3ad3-43ce-9bc9-34e5de1bc6ab-c000.snappy.parquet","deletionTimestamp":1672842571622,"dataChange":true,"extendedFileMetadata":true,"partitionValues":{},"size":65349,"tags":{"INSERTION_TIME":"1672780640000012","OPTIMIZE_TARGET_SIZE":"268435456"}}}
{"remove":{"path":"part-00013-b4cdd72d-d5fe-4a54-a187-249e601850d5-c000.snappy.parquet","deletionTimestamp":1672842571622,"dataChange":true,"extendedFileMetadata":true,"partitionValues":{},"size":65348,"tags":{"INSERTION_TIME":"1672780640000013","OPTIMIZE_TARGET_SIZE":"268435456"}}}
{"remove":{"path":"part-00014-c3b92c8d-eb1f-41ee-b11f-2277560ffe14-c000.snappy.parquet","deletionTimestamp":1672842571622,"dataChange":true,"extendedFileMetadata":true,"partitionValues":{},"size":65349,"tags":{"INSERTION_TIME":"1672780640000014","OPTIMIZE_TARGET_SIZE":"268435456"}}}
{"remove":{"path":"part-00015-69f23895-988b-4ae4-9ecf-564259f5e515-c000.snappy.parquet","deletionTimestamp":1672842571622,"dataChange":true,"extendedFileMetadata":true,"partitionValues":{},"size":65348,"tags":{"INSERTION_TIME":"1672780640000015","OPTIMIZE_TARGET_SIZE":"268435456"}}}
{"remove":{"path":"part-00016-2de7ee42-7246-4677-9aee-88eed23f17d4-c000.snappy.parquet","deletionTimestamp":1672842571622,"dataChange":true,"extendedFileMetadata":true,"partitionValues":{},"size":64866,"tags":{"INSERTION_TIME":"1672780640000016","OPTIMIZE_TARGET_SIZE":"268435456"}}}
